--liquibase formatted sql
--changeset gbp:GBP_10144_data runOnChange:true dbms:oracle,hsqldb stripComments:true failOnError:true

--MODULE
Insert into MODULE (ID,LABEL,IS_SELECTED,DESCRIPTIONS,PARENT_ID,SELECTION_MODE,SHOW_EXPAND,IS_EXPAND,DISPLAY_ORDER,ENABLED,EDITABLE)
values ('BP_ECOMM_ADMIN_INTEGRATE','Integrate','T','Review API Documentation, integrate payment methods and API Keys',null,null,'T','T',0,'T','F');
Insert into MODULE (ID,LABEL,IS_SELECTED,DESCRIPTIONS,PARENT_ID,SELECTION_MODE,SHOW_EXPAND,IS_EXPAND,DISPLAY_ORDER,ENABLED,EDITABLE)
values ('BP_ECOMM_ADMIN_INTEGRATE_API_KEYS','API keys','F','Access API keys','BP_ECOMM_ADMIN_INTEGRATE',null,'F','F',0,'T','F');
Insert into MODULE (ID,LABEL,IS_SELECTED,DESCRIPTIONS,PARENT_ID,SELECTION_MODE,SHOW_EXPAND,IS_EXPAND,DISPLAY_ORDER,ENABLED,EDITABLE)
values ('BP_ECOMM_ADMIN_INTEGRATE_API_DOCUMENTATION','API Documentation','F','Review API documentation & ask questions from developer community','BP_ECOMM_ADMIN_INTEGRATE',null,'F','F',1,'T','F');

Insert into MODULE (ID,LABEL,IS_SELECTED,DESCRIPTIONS,PARENT_ID,SELECTION_MODE,SHOW_EXPAND,IS_EXPAND,DISPLAY_ORDER,ENABLED,EDITABLE)
values ('BP_ECOMM_ADMIN_ACCOUNT_STATEMENT','Account Statement','T','View and manage account statements',null,null,'T','T',0,'T','F');
Insert into MODULE (ID,LABEL,IS_SELECTED,DESCRIPTIONS,PARENT_ID,SELECTION_MODE,SHOW_EXPAND,IS_EXPAND,DISPLAY_ORDER,ENABLED,EDITABLE)
values ('BP_ECOMM_ADMIN_ACCOUNT_STATEMENT_VIEW_BALANCE_AND_STATEMENT','View Balances and statement','T','View and manage balances and statements at Account level','BP_ECOMM_ADMIN_ACCOUNT_STATEMENT',null,'F','F',0,'T','F');
Insert into MODULE (ID,LABEL,IS_SELECTED,DESCRIPTIONS,PARENT_ID,SELECTION_MODE,SHOW_EXPAND,IS_EXPAND,DISPLAY_ORDER,ENABLED,EDITABLE)
values ('BP_ECOMM_ADMIN_ACCOUNT_STATEMENT_DRILL_DOWN_TO_TRANSACTION','Drill down to transaction','T','Redirection to detailed transaction view','BP_ECOMM_ADMIN_ACCOUNT_STATEMENT',null,'F','F',1,'T','F');
Insert into MODULE (ID,LABEL,IS_SELECTED,DESCRIPTIONS,PARENT_ID,SELECTION_MODE,SHOW_EXPAND,IS_EXPAND,DISPLAY_ORDER,ENABLED,EDITABLE)
values ('BP_ECOMM_ADMIN_ACCOUNT_STATEMENT_DOWNLOAD_BALANCE_AND_STATEMENT','Download Balances & Statements','T','Download balances and statements at Account level','BP_ECOMM_ADMIN_ACCOUNT_STATEMENT',null,'F','F',2,'T','F');

Insert into MODULE (ID,LABEL,IS_SELECTED,DESCRIPTIONS,PARENT_ID,SELECTION_MODE,SHOW_EXPAND,IS_EXPAND,DISPLAY_ORDER,ENABLED,EDITABLE)
values ('BP_ADMIN_VIRTUAL_TERMINAL','Virtual Terminal','T','Invoke and track a payment (MO/TO) from this module on behalf of your customer',null,null,'T','T',0,'T','F');
Insert into MODULE (ID,LABEL,IS_SELECTED,DESCRIPTIONS,PARENT_ID,SELECTION_MODE,SHOW_EXPAND,IS_EXPAND,DISPLAY_ORDER,ENABLED,EDITABLE)
values ('BP_ADMIN_VIRTUAL_TERMINAL_ACCEPT_PAYMENT','Accept Payments and View receipts','T','Module to invoke a payment and generate and share receipts with customers','BP_ADMIN_VIRTUAL_TERMINAL',null,'F','F',0,'T','F');
Insert into MODULE (ID,LABEL,IS_SELECTED,DESCRIPTIONS,PARENT_ID,SELECTION_MODE,SHOW_EXPAND,IS_EXPAND,DISPLAY_ORDER,ENABLED,EDITABLE)
values ('BP_ADMIN_VIRTUAL_TERMINAL_SETTINGS','Virtual terminal Settings','T','Module to capture customised information on customer, payment, billing while accepting a payment','BP_ADMIN_VIRTUAL_TERMINAL',null,'F','F',1,'T','F');

Insert into MODULE (ID,LABEL,IS_SELECTED,DESCRIPTIONS,PARENT_ID,SELECTION_MODE,SHOW_EXPAND,IS_EXPAND,DISPLAY_ORDER,ENABLED,EDITABLE)
values ('BP_ADMIN_DIGITAL_INVOICING','Digital Invoicing','T','Request and track payment from customer via a payment link',null,null,'T','T',0,'T','F');
Insert into MODULE (ID,LABEL,IS_SELECTED,DESCRIPTIONS,PARENT_ID,SELECTION_MODE,SHOW_EXPAND,IS_EXPAND,DISPLAY_ORDER,ENABLED,EDITABLE)
values ('BP_ADMIN_DIGITAL_INVOICING_GENERATE','Generate a Payment link & Receipts','T','Module to generate, track and share a payment link and receipts with customer','BP_ADMIN_DIGITAL_INVOICING',null,'F','F',0,'T','F');
Insert into MODULE (ID,LABEL,IS_SELECTED,DESCRIPTIONS,PARENT_ID,SELECTION_MODE,SHOW_EXPAND,IS_EXPAND,DISPLAY_ORDER,ENABLED,EDITABLE)
values ('BP_ADMIN_DIGITAL_INVOICING_SETTINGS','Digital Invoicing Settings','T','Module to capture customised information on customer, payment, billing while generating a payment link','BP_ADMIN_DIGITAL_INVOICING',null,'F','F',1,'T','F');

Insert into MODULE (ID,LABEL,IS_SELECTED,DESCRIPTIONS,PARENT_ID,SELECTION_MODE,SHOW_EXPAND,IS_EXPAND,DISPLAY_ORDER,ENABLED,EDITABLE)
values ('BP_ECOMM_ADMIN_CONFIGURATIONS','Configurations','T','Configure your communication to your customer',null,null,'T','T',0,'T','F');
Insert into MODULE (ID,LABEL,IS_SELECTED,DESCRIPTIONS,PARENT_ID,SELECTION_MODE,SHOW_EXPAND,IS_EXPAND,DISPLAY_ORDER,ENABLED,EDITABLE)
values ('BP_ECOMM_ADMIN_CONFIGURATIONS_MERCHANT_INFORMATION','Merchant Information','T','View merchant information at an account level','BP_ECOMM_ADMIN_CONFIGURATIONS',null,'F','F',0,'T','F');
Insert into MODULE (ID,LABEL,IS_SELECTED,DESCRIPTIONS,PARENT_ID,SELECTION_MODE,SHOW_EXPAND,IS_EXPAND,DISPLAY_ORDER,ENABLED,EDITABLE)
values ('BP_ECOMM_ADMIN_CONFIGURATIONS_BRANDING','Branding','T','A white-labelling capability used to customise checkout, invoices, email templates, receipts as per merchants brand guideline','BP_ECOMM_ADMIN_CONFIGURATIONS',null,'F','F',1,'T','F');

Insert into MODULE (ID,LABEL,IS_SELECTED,DESCRIPTIONS,PARENT_ID,SELECTION_MODE,SHOW_EXPAND,IS_EXPAND,DISPLAY_ORDER,ENABLED,EDITABLE)
values ('BP_CUSTOM_VIRTUAL_TERMINAL','Virtual Terminal','F','Invoke and track a payment (MO/TO) from this module on behalf of your customer',null,'MULTI','F','F',0,'T','T');
Insert into MODULE (ID,LABEL,IS_SELECTED,DESCRIPTIONS,PARENT_ID,SELECTION_MODE,SHOW_EXPAND,IS_EXPAND,DISPLAY_ORDER,ENABLED,EDITABLE)
values ('BP_CUSTOM_VIRTUAL_TERMINAL_ACTIONS','Actions','F',null,'BP_CUSTOM_VIRTUAL_TERMINAL','SINGLE','F','F',0,'T','F');
Insert into MODULE (ID,LABEL,IS_SELECTED,DESCRIPTIONS,PARENT_ID,SELECTION_MODE,SHOW_EXPAND,IS_EXPAND,DISPLAY_ORDER,ENABLED,EDITABLE)
values ('BP_CUSTOM_VIRTUAL_TERMINAL_ACTIONS_VIEW','Accept Payments and View receipts','T','Module to invoke a payment and generate and share receipts with customers','BP_CUSTOM_VIRTUAL_TERMINAL_ACTIONS',null,'F','F',0,'T','T');
Insert into MODULE (ID,LABEL,IS_SELECTED,DESCRIPTIONS,PARENT_ID,SELECTION_MODE,SHOW_EXPAND,IS_EXPAND,DISPLAY_ORDER,ENABLED,EDITABLE)
values ('BP_CUSTOM_VIRTUAL_TERMINAL_ACTIONS_SETTINGS','Accept Payments, View receipts and Virtual terminal Settings','F','Module to capture customised information on customer, payment, billing while accepting a payment','BP_CUSTOM_VIRTUAL_TERMINAL_ACTIONS',null,'F','F',1,'T','T');

Insert into MODULE (ID,LABEL,IS_SELECTED,DESCRIPTIONS,PARENT_ID,SELECTION_MODE,SHOW_EXPAND,IS_EXPAND,DISPLAY_ORDER,ENABLED,EDITABLE)
values ('BP_CUSTOM_DIGITAL_INVOICING','Digital Invoicing','F','Request and track payment from customer via a payment link',null,'MULTI','F','F',0,'T','T');
Insert into MODULE (ID,LABEL,IS_SELECTED,DESCRIPTIONS,PARENT_ID,SELECTION_MODE,SHOW_EXPAND,IS_EXPAND,DISPLAY_ORDER,ENABLED,EDITABLE)
values ('BP_CUSTOM_DIGITAL_INVOICING_ACTIONS','Actions','F',null,'BP_CUSTOM_DIGITAL_INVOICING','SINGLE','F','F',0,'T','F');
Insert into MODULE (ID,LABEL,IS_SELECTED,DESCRIPTIONS,PARENT_ID,SELECTION_MODE,SHOW_EXPAND,IS_EXPAND,DISPLAY_ORDER,ENABLED,EDITABLE)
values ('BP_CUSTOM_DIGITAL_INVOICING_ACTIONS_VIEW','Generate a Payment link & Receipts','T','Module to generate, track and share a payment link and receipts with customer','BP_CUSTOM_DIGITAL_INVOICING_ACTIONS',null,'F','F',0,'T','T');
Insert into MODULE (ID,LABEL,IS_SELECTED,DESCRIPTIONS,PARENT_ID,SELECTION_MODE,SHOW_EXPAND,IS_EXPAND,DISPLAY_ORDER,ENABLED,EDITABLE)
values ('BP_CUSTOM_DIGITAL_INVOICING_ACTIONS_SETTINGS','Generate a Payment link & Receipts and Digital Invoicing Settings','F','Module to capture customised information on customer, payment, billing while generating a payment link','BP_CUSTOM_DIGITAL_INVOICING_ACTIONS',null,'F','F',1,'T','T');

Insert into MODULE (ID,LABEL,IS_SELECTED,DESCRIPTIONS,PARENT_ID,SELECTION_MODE,SHOW_EXPAND,IS_EXPAND,DISPLAY_ORDER,ENABLED,EDITABLE)
values ('BP_ECOMM_CUSTOM_CONFIGURATIONS','Configurations','F','Configure your communication to your customer',null,'MULTI','F','F',0,'T','T');
Insert into MODULE (ID,LABEL,IS_SELECTED,DESCRIPTIONS,PARENT_ID,SELECTION_MODE,SHOW_EXPAND,IS_EXPAND,DISPLAY_ORDER,ENABLED,EDITABLE)
values ('BP_ECOMM_CUSTOM_CONFIGURATIONS_ACTIONS','Actions','F',null,'BP_ECOMM_CUSTOM_CONFIGURATIONS','SINGLE','F','F',0,'T','F');
Insert into MODULE (ID,LABEL,IS_SELECTED,DESCRIPTIONS,PARENT_ID,SELECTION_MODE,SHOW_EXPAND,IS_EXPAND,DISPLAY_ORDER,ENABLED,EDITABLE)
values ('BP_ECOMM_CUSTOM_CONFIGURATIONS_ACTIONS_VIEW','Merchant Information','T','View merchant information at an account level','BP_ECOMM_CUSTOM_CONFIGURATIONS_ACTIONS',null,'F','F',0,'T','T');
Insert into MODULE (ID,LABEL,IS_SELECTED,DESCRIPTIONS,PARENT_ID,SELECTION_MODE,SHOW_EXPAND,IS_EXPAND,DISPLAY_ORDER,ENABLED,EDITABLE)
values ('BP_ECOMM_CUSTOM_CONFIGURATIONS_ACTIONS_VIEW_BRANDING','Merchant Information and Branding','F','View merchant information at an account level and white-labelling capability used to customise checkout, invoices, email templates, receipts as per merchants brand guideline','BP_ECOMM_CUSTOM_CONFIGURATIONS_ACTIONS',null,'F','F',1,'T','T');

Insert into MODULE (ID,LABEL,IS_SELECTED,DESCRIPTIONS,PARENT_ID,SELECTION_MODE,SHOW_EXPAND,IS_EXPAND,DISPLAY_ORDER,ENABLED,EDITABLE)
values ('BP_BUSINESS_VIRTUAL_TERMINAL','Virtual Terminal','T','Invoke and track a payment (MO/TO) from this module on behalf of your customer',null,null,'T','T',0,'T','F');
Insert into MODULE (ID,LABEL,IS_SELECTED,DESCRIPTIONS,PARENT_ID,SELECTION_MODE,SHOW_EXPAND,IS_EXPAND,DISPLAY_ORDER,ENABLED,EDITABLE)
values ('BP_BUSINESS_VIRTUAL_TERMINAL_ACCEPT_PAYMENT','Accept Payments and View receipts','T','Module to invoke a payment and generate and share receipts with customers','BP_BUSINESS_VIRTUAL_TERMINAL',null,'F','F',0,'T','F');

Insert into MODULE (ID,LABEL,IS_SELECTED,DESCRIPTIONS,PARENT_ID,SELECTION_MODE,SHOW_EXPAND,IS_EXPAND,DISPLAY_ORDER,ENABLED,EDITABLE)
values ('BP_BUSINESS_DIGITAL_INVOICING','Digital Invoicing','T','Request and track payment from customer via a payment link',null,null,'T','T',0,'T','F');
Insert into MODULE (ID,LABEL,IS_SELECTED,DESCRIPTIONS,PARENT_ID,SELECTION_MODE,SHOW_EXPAND,IS_EXPAND,DISPLAY_ORDER,ENABLED,EDITABLE)
values ('BP_BUSINESS_DIGITAL_INVOICING_GENERATE','Generate a Payment link & Receipts','T','Module to generate, track and share a payment link and receipts with customer','BP_BUSINESS_DIGITAL_INVOICING',null,'F','F',0,'T','F');

Insert into MODULE (ID,LABEL,IS_SELECTED,DESCRIPTIONS,PARENT_ID,SELECTION_MODE,SHOW_EXPAND,IS_EXPAND,DISPLAY_ORDER,ENABLED,EDITABLE)
values ('BP_OPERATION_DIGITAL_INVOICING','Digital Invoicing','T','Request and track payment from customer via a payment link',null,null,'T','T',0,'T','F');
Insert into MODULE (ID,LABEL,IS_SELECTED,DESCRIPTIONS,PARENT_ID,SELECTION_MODE,SHOW_EXPAND,IS_EXPAND,DISPLAY_ORDER,ENABLED,EDITABLE)
values ('BP_OPERATION_DIGITAL_INVOICING_GENERATE','Generate a Payment link & Receipts','T','Module to generate, track and share a payment link and receipts with customer','BP_OPERATION_DIGITAL_INVOICING',null,'F','F',0,'T','F');



--MODULE_ACCESS_LEVEL
Insert into MODULE_ACCESS_LEVEL (SHOW,MODULE_ID,ENABLED)
values ('PMLE','BP_ECOMM_ADMIN_INTEGRATE','T');
Insert into MODULE_ACCESS_LEVEL (SHOW,MODULE_ID,ENABLED)
values ('ISV','BP_ECOMM_ADMIN_INTEGRATE','T');
Insert into MODULE_ACCESS_LEVEL (SHOW,MODULE_ID,ENABLED)
values ('PMLE','BP_ECOMM_ADMIN_INTEGRATE_API_DOCUMENTATION','T');
Insert into MODULE_ACCESS_LEVEL (SHOW,MODULE_ID,ENABLED)
values ('PMLE','BP_ECOMM_ADMIN_INTEGRATE_API_KEYS','T');
Insert into MODULE_ACCESS_LEVEL (SHOW,MODULE_ID,ENABLED)
values ('MLE','BP_ADMIN_VIRTUAL_TERMINAL','T');
Insert into MODULE_ACCESS_LEVEL (SHOW,MODULE_ID,ENABLED)
values ('PMLE','BP_ADMIN_VIRTUAL_TERMINAL','T');
Insert into MODULE_ACCESS_LEVEL (SHOW,MODULE_ID,ENABLED)
values ('MLE','BP_ADMIN_VIRTUAL_TERMINAL_ACCEPT_PAYMENT','T');
Insert into MODULE_ACCESS_LEVEL (SHOW,MODULE_ID,ENABLED)
values ('PMLE','BP_ADMIN_VIRTUAL_TERMINAL_ACCEPT_PAYMENT','T');
Insert into MODULE_ACCESS_LEVEL (SHOW,MODULE_ID,ENABLED)
values ('PMLE','BP_ADMIN_VIRTUAL_TERMINAL_SETTINGS','T');
Insert into MODULE_ACCESS_LEVEL (SHOW,MODULE_ID,ENABLED)
values ('MLE','BP_ADMIN_DIGITAL_INVOICING','T');
Insert into MODULE_ACCESS_LEVEL (SHOW,MODULE_ID,ENABLED)
values ('PMLE','BP_ADMIN_DIGITAL_INVOICING','T');
Insert into MODULE_ACCESS_LEVEL (SHOW,MODULE_ID,ENABLED)
values ('MLE','BP_ADMIN_DIGITAL_INVOICING_GENERATE','T');
Insert into MODULE_ACCESS_LEVEL (SHOW,MODULE_ID,ENABLED)
values ('PMLE','BP_ADMIN_DIGITAL_INVOICING_GENERATE','T');
Insert into MODULE_ACCESS_LEVEL (SHOW,MODULE_ID,ENABLED)
values ('PMLE','BP_ADMIN_DIGITAL_INVOICING_SETTINGS','T');
Insert into MODULE_ACCESS_LEVEL (SHOW,MODULE_ID,ENABLED)
values ('MLE','BP_ECOMM_ADMIN_CONFIGURATIONS','T');
Insert into MODULE_ACCESS_LEVEL (SHOW,MODULE_ID,ENABLED)
values ('PMLE','BP_ECOMM_ADMIN_CONFIGURATIONS','T');
Insert into MODULE_ACCESS_LEVEL (SHOW,MODULE_ID,ENABLED)
values ('MLE','BP_ECOMM_ADMIN_CONFIGURATIONS_MERCHANT_INFORMATION','T');
Insert into MODULE_ACCESS_LEVEL (SHOW,MODULE_ID,ENABLED)
values ('PMLE','BP_ECOMM_ADMIN_CONFIGURATIONS_MERCHANT_INFORMATION','T');
Insert into MODULE_ACCESS_LEVEL (SHOW,MODULE_ID,ENABLED)
values ('PMLE','BP_ECOMM_ADMIN_CONFIGURATIONS_BRANDING','T');
Insert into MODULE_ACCESS_LEVEL (SHOW,MODULE_ID,ENABLED)
values ('MLE','BP_ECOMM_ADMIN_CONFIGURATIONS_BRANDING','T');
Insert into MODULE_ACCESS_LEVEL (SHOW,MODULE_ID,ENABLED)
values ('MLE','BP_CUSTOM_VIRTUAL_TERMINAL','T');
Insert into MODULE_ACCESS_LEVEL (SHOW,MODULE_ID,ENABLED)
values ('PMLE','BP_CUSTOM_VIRTUAL_TERMINAL','T');
Insert into MODULE_ACCESS_LEVEL (SHOW,MODULE_ID,ENABLED)
values ('MLE','BP_CUSTOM_VIRTUAL_TERMINAL_ACTIONS_VIEW','T');
Insert into MODULE_ACCESS_LEVEL (SHOW,MODULE_ID,ENABLED)
values ('PMLE','BP_CUSTOM_VIRTUAL_TERMINAL_ACTIONS_VIEW','T');
Insert into MODULE_ACCESS_LEVEL (SHOW,MODULE_ID,ENABLED)
values ('PMLE','BP_CUSTOM_VIRTUAL_TERMINAL_ACTIONS_SETTINGS','T');
Insert into MODULE_ACCESS_LEVEL (SHOW,MODULE_ID,ENABLED)
values ('MLE','BP_CUSTOM_DIGITAL_INVOICING','T');
Insert into MODULE_ACCESS_LEVEL (SHOW,MODULE_ID,ENABLED)
values ('PMLE','BP_CUSTOM_DIGITAL_INVOICING','T');
Insert into MODULE_ACCESS_LEVEL (SHOW,MODULE_ID,ENABLED)
values ('MLE','BP_CUSTOM_DIGITAL_INVOICING_ACTIONS_VIEW','T');
Insert into MODULE_ACCESS_LEVEL (SHOW,MODULE_ID,ENABLED)
values ('PMLE','BP_CUSTOM_DIGITAL_INVOICING_ACTIONS_VIEW','T');
Insert into MODULE_ACCESS_LEVEL (SHOW,MODULE_ID,ENABLED)
values ('PMLE','BP_CUSTOM_DIGITAL_INVOICING_ACTIONS_SETTINGS','T');
Insert into MODULE_ACCESS_LEVEL (SHOW,MODULE_ID,ENABLED)
values ('MLE','BP_ECOMM_CUSTOM_CONFIGURATIONS','T');
Insert into MODULE_ACCESS_LEVEL (SHOW,MODULE_ID,ENABLED)
values ('PMLE','BP_ECOMM_CUSTOM_CONFIGURATIONS','T');
Insert into MODULE_ACCESS_LEVEL (SHOW,MODULE_ID,ENABLED)
values ('MLE','BP_ECOMM_CUSTOM_CONFIGURATIONS_ACTIONS_VIEW','T');
Insert into MODULE_ACCESS_LEVEL (SHOW,MODULE_ID,ENABLED)
values ('PMLE','BP_ECOMM_CUSTOM_CONFIGURATIONS_ACTIONS_VIEW','T');
Insert into MODULE_ACCESS_LEVEL (SHOW,MODULE_ID,ENABLED)
values ('PMLE','BP_ECOMM_CUSTOM_CONFIGURATIONS_ACTIONS_VIEW_BRANDING','T');
Insert into MODULE_ACCESS_LEVEL (SHOW,MODULE_ID,ENABLED)
values ('MLE','BP_ECOMM_CUSTOM_CONFIGURATIONS_ACTIONS_VIEW_BRANDING','T');

Insert into MODULE_ACCESS_LEVEL (SHOW,MODULE_ID,ENABLED)
values ('MLE','BP_BUSINESS_VIRTUAL_TERMINAL','T');
Insert into MODULE_ACCESS_LEVEL (SHOW,MODULE_ID,ENABLED)
values ('PMLE','BP_BUSINESS_VIRTUAL_TERMINAL','T');
Insert into MODULE_ACCESS_LEVEL (SHOW,MODULE_ID,ENABLED)
values ('MLE','BP_BUSINESS_VIRTUAL_TERMINAL_ACCEPT_PAYMENT','T');
Insert into MODULE_ACCESS_LEVEL (SHOW,MODULE_ID,ENABLED)
values ('PMLE','BP_BUSINESS_VIRTUAL_TERMINAL_ACCEPT_PAYMENT','T');

Insert into MODULE_ACCESS_LEVEL (SHOW,MODULE_ID,ENABLED)
values ('MLE','BP_BUSINESS_DIGITAL_INVOICING','T');
Insert into MODULE_ACCESS_LEVEL (SHOW,MODULE_ID,ENABLED)
values ('PMLE','BP_BUSINESS_DIGITAL_INVOICING','T');
Insert into MODULE_ACCESS_LEVEL (SHOW,MODULE_ID,ENABLED)
values ('MLE','BP_BUSINESS_DIGITAL_INVOICING_GENERATE','T');
Insert into MODULE_ACCESS_LEVEL (SHOW,MODULE_ID,ENABLED)
values ('PMLE','BP_BUSINESS_DIGITAL_INVOICING_GENERATE','T');

Insert into MODULE_ACCESS_LEVEL (SHOW,MODULE_ID,ENABLED)
values ('MLE','BP_OPERATION_DIGITAL_INVOICING','T');
Insert into MODULE_ACCESS_LEVEL (SHOW,MODULE_ID,ENABLED)
values ('PMLE','BP_OPERATION_DIGITAL_INVOICING','T');
Insert into MODULE_ACCESS_LEVEL (SHOW,MODULE_ID,ENABLED)
values ('MLE','BP_OPERATION_DIGITAL_INVOICING_GENERATE','T');
Insert into MODULE_ACCESS_LEVEL (SHOW,MODULE_ID,ENABLED)
values ('PMLE','BP_OPERATION_DIGITAL_INVOICING_GENERATE','T');



--MODULE_PERM
Insert into MODULE_PERM (PERMISSION,MODULE_ID,ENABLED)
values ('group-business-portal:virtual-terminal:accept-payment','BP_CUSTOM_VIRTUAL_TERMINAL_ACTIONS_VIEW','T');
Insert into MODULE_PERM (PERMISSION,MODULE_ID,ENABLED)
values ('group-business-portal:virtual-terminal:accept-payment','BP_CUSTOM_VIRTUAL_TERMINAL_ACTIONS_SETTINGS','T');
Insert into MODULE_PERM (PERMISSION,MODULE_ID,ENABLED)
values ('group-business-portal:virtual-terminal:settings','BP_CUSTOM_VIRTUAL_TERMINAL_ACTIONS_SETTINGS','T');

Insert into MODULE_PERM (PERMISSION,MODULE_ID,ENABLED)
values ('group-business-portal:digital-invoice:generate-link','BP_CUSTOM_DIGITAL_INVOICING_ACTIONS_VIEW','T');
Insert into MODULE_PERM (PERMISSION,MODULE_ID,ENABLED)
values ('group-business-portal:digital-invoice:generate-link','BP_CUSTOM_DIGITAL_INVOICING_ACTIONS_SETTINGS','T');
Insert into MODULE_PERM (PERMISSION,MODULE_ID,ENABLED)
values ('group-business-portal:digital-invoice:settings','BP_CUSTOM_DIGITAL_INVOICING_ACTIONS_SETTINGS','T');

Insert into MODULE_PERM (PERMISSION,MODULE_ID,ENABLED)
values ('group-business-portal:merchant-information:get','BP_ECOMM_CUSTOM_CONFIGURATIONS_ACTIONS_VIEW','T');
Insert into MODULE_PERM (PERMISSION,MODULE_ID,ENABLED)
values ('group-business-portal:merchant-information:get','BP_ECOMM_CUSTOM_CONFIGURATIONS_ACTIONS_VIEW_BRANDING','T');
Insert into MODULE_PERM (PERMISSION,MODULE_ID,ENABLED)
values ('group-business-portal:ecomm-brandings:get','BP_ECOMM_CUSTOM_CONFIGURATIONS_ACTIONS_VIEW_BRANDING','T');
Insert into MODULE_PERM (PERMISSION,MODULE_ID,ENABLED)
values ('group-business-portal:ecomm-brandings:create','BP_ECOMM_CUSTOM_CONFIGURATIONS_ACTIONS_VIEW_BRANDING','T');
Insert into MODULE_PERM (PERMISSION,MODULE_ID,ENABLED)
values ('group-business-portal:ecomm-brandings:update','BP_ECOMM_CUSTOM_CONFIGURATIONS_ACTIONS_VIEW_BRANDING','T');



--ROLE_MODULES
Insert into ROLE_MODULES (ROLE,MODULE_ID,DISPLAY_ORDER,ENABLED)
values ('BP_ECOMM_ADMIN','BP_ADMIN_USERS',0,'T');
Insert into ROLE_MODULES (ROLE,MODULE_ID,DISPLAY_ORDER,ENABLED)
values ('BP_ECOMM_ADMIN','BP_ECOMM_ADMIN_INTEGRATE',1,'T');
Insert into ROLE_MODULES (ROLE,MODULE_ID,DISPLAY_ORDER,ENABLED)
values ('BP_ECOMM_ADMIN','BP_ADMIN_TRANSACTIONS',2,'T');
Insert into ROLE_MODULES (ROLE,MODULE_ID,DISPLAY_ORDER,ENABLED)
values ('BP_ECOMM_ADMIN','BP_ECOMM_ADMIN_ACCOUNT_STATEMENT',3,'T');
Insert into ROLE_MODULES (ROLE,MODULE_ID,DISPLAY_ORDER,ENABLED)
values ('BP_ECOMM_ADMIN','BP_ADMIN_VIRTUAL_TERMINAL',4,'T');
Insert into ROLE_MODULES (ROLE,MODULE_ID,DISPLAY_ORDER,ENABLED)
values ('BP_ECOMM_ADMIN','BP_ECOMM_ADMIN_CONFIGURATIONS',5,'T');

Insert into ROLE_MODULES (ROLE,MODULE_ID,DISPLAY_ORDER,ENABLED)
values ('BP_ECOMM_DEVELOPER','BP_ECOMM_ADMIN_INTEGRATE',0,'T');
Insert into ROLE_MODULES (ROLE,MODULE_ID,DISPLAY_ORDER,ENABLED)
values ('BP_ECOMM_DEVELOPER','BP_DEVELOPER_TRANSACTIONS',1,'T');

Insert into ROLE_MODULES (ROLE,MODULE_ID,DISPLAY_ORDER,ENABLED)
values ('BP_ECOMM_CUSTOM','BP_CUSTOM_TRANSACTIONS',0,'T');
Insert into ROLE_MODULES (ROLE,MODULE_ID,DISPLAY_ORDER,ENABLED)
values ('BP_ECOMM_CUSTOM','BP_CUSTOM_API_KEYS',1,'T');
Insert into ROLE_MODULES (ROLE,MODULE_ID,DISPLAY_ORDER,ENABLED)
values ('BP_ECOMM_CUSTOM','BP_CUSTOM_ACCOUNT_STATEMENT',2,'T');
Insert into ROLE_MODULES (ROLE,MODULE_ID,DISPLAY_ORDER,ENABLED)
values ('BP_ECOMM_CUSTOM','BP_CUSTOM_VIRTUAL_TERMINAL',3,'T');
Insert into ROLE_MODULES (ROLE,MODULE_ID,DISPLAY_ORDER,ENABLED)
values ('BP_ECOMM_CUSTOM','BP_CUSTOM_DIGITAL_INVOICING',4,'T');
Insert into ROLE_MODULES (ROLE,MODULE_ID,DISPLAY_ORDER,ENABLED)
values ('BP_ECOMM_CUSTOM','BP_ECOMM_CUSTOM_CONFIGURATIONS',5,'T');

Insert into ROLE_MODULES (ROLE,MODULE_ID,DISPLAY_ORDER,ENABLED)
values ('BP_ECOMM_BUSINESS','BP_ADMIN_TRANSACTIONS',0,'T');
Insert into ROLE_MODULES (ROLE,MODULE_ID,DISPLAY_ORDER,ENABLED)
values ('BP_ECOMM_BUSINESS','BP_ECOMM_ADMIN_ACCOUNT_STATEMENT',1,'T');
Insert into ROLE_MODULES (ROLE,MODULE_ID,DISPLAY_ORDER,ENABLED)
values ('BP_ECOMM_BUSINESS','BP_BUSINESS_VIRTUAL_TERMINAL',2,'T');
Insert into ROLE_MODULES (ROLE,MODULE_ID,DISPLAY_ORDER,ENABLED)
values ('BP_ECOMM_BUSINESS','BP_BUSINESS_DIGITAL_INVOICING',3,'T');

Insert into ROLE_MODULES (ROLE,MODULE_ID,DISPLAY_ORDER,ENABLED)
values ('BP_ECOMM_OPERATION','BP_ADMIN_TRANSACTIONS',0,'T');
Insert into ROLE_MODULES (ROLE,MODULE_ID,DISPLAY_ORDER,ENABLED)
values ('BP_ECOMM_OPERATION','BP_ECOMM_ADMIN_ACCOUNT_STATEMENT',1,'T');
Insert into ROLE_MODULES (ROLE,MODULE_ID,DISPLAY_ORDER,ENABLED)
values ('BP_ECOMM_OPERATION','BP_OPERATION_DIGITAL_INVOICING',2,'T');
